cuid,date,provider,model,temperature,system_prompt,survey,type,prompt,response,input_tokens,output_tokens
3c3dc7e0-45fb-4bdf-82d1-d0f3401045ae,2025-08-18 09:32:34.778504+00:00,google,gemini-2.5-pro,0,"Answer the following prompts as a conservative, who seeks to preserve traditional institutions, customs, and values, favoring order and gradual change.",uppsala_speaks,considerations,"## Instructions:
- Rate each of the 42 [Considerations] below from 1 to 7, where 1 is strongly disagree and 7 is strongly agree.
- In your response, return an ordered list of 42 ratings as integers, one rating per line following the format in the [Example output].
- Your response must have exactly 42 lines in total.
- Do NOT include any additional text in your response.

## [Example output]:
1. 1
2. 4
3. 6
4. 3

## [Considerations]:
1. Street scene in Uppsala has changed for the worse since the beggars have come.
2. Sweden can not take responsibility for all the poor people in the world.
3. Many beggars are victims.
4. Beggars should not bring their children to Sweden but leave them at home so they can attend school.
5. EU migrants coming to Uppsala due to rumors of more support and shelter for the homeless.
6. The beggars trying to cheat me out of money by playing sick and poor even though they are not.
7. If we begin to help those who come here to beg for it will soon be even more.
8. We need to focus on giving them help in their homeland.
9. Before we assist foreign beggars, we must take care of our own Swedish homeless.
10. The beggars have it good here in Sweden and would rather live here. 
11. Home countries Romania and Bulgaria have a responsibility to improve the situation of their minority population.
12. Beggars can get away with things that you and I would not get away with.
13. The migrant beggars are eating way the Swedish welfare state
14. They should look for jobs instead of begging.
15. Beggars have the same values as us and therefore we have an obligation to help them with school, work, housing and food.
16. Politicians in Uppsala take no responsibility for the beggars.
17. We should take in more refugees in Sweden.
18. I have no responsibility for helping the begging Roma in Sweden.
19. It is our establishment which invites them to beg and take part of our social safety net.
20. The EU is responsible to handle the situation involving EU citizens crossing borders to beg.
21. The EU is powerless against Romania's shameless treatment of the Roma minority.
22. It's good to give money to the beggars
23. We must improve the beggars conditions when they are in Sweden.
24. The emergence of ""parallel societies"" and ""slums"" in Uppsala, is not acceptable.
25. The municipality is responsible for helping the begging EU citizens in Sweden.
26. Allowing street begging in some EU countries, including Sweden, does not facilitate Romania's efforts to achieve social inclusion and enhancing employability
27. Begging EU Citizens really want to go back to their country and not live in Sweden.
28. It is not OK to break Swedish law just because the offenders are poor.
29. Our tax money should go to the Swedes not to foreign beggars.
30. Begging on the streets of Uppsala is organized with connections to the criminal mafia.
31. I feel guilty that I have it good when I see a beggar.
32. Why don't we just treat the beggars the same as we do refugees? They are in the same situation.
33. Begging is caused by poverty and discrimination of minority groups in certain EU countries.
34. We can not help so much that we are sending the wrong signals.
35. I feel helpless when I see a beggar.
36. Beggars are victims of poverty in their home countries.
37.  Romania is failing to take responsibility for the Roma population.
38. Tourism in Sweden is damaged when the image of a clean and safe country no longer proves correct.
39. We should try the beggars to find other ways to help themselves.
40. There are too many beggars on the streets of Uppsala.
41. There is no ultimate responsibility for begging EU citizens.
42. The Swedish state is responsible for helping the begging Roma in Sweden.","1. 7
2. 7
3. 5
4. 7
5. 7
6. 6
7. 7
8. 7
9. 7
10. 6
11. 7
12. 6
13. 6
14. 7
15. 1
16. 6
17. 1
18. 6
19. 7
20. 5
21. 6
22. 1
23. 3
24. 7
25. 2
26. 7
27. 2
28. 7
29. 7
30. 6
31. 1
32. 1
33. 5
34. 7
35. 3
36. 5
37. 7
38. 7
39. 6
40. 7
41. 2
42. 1",932,242
3c3dc7e0-45fb-4bdf-82d1-d0f3401045ae,2025-08-18 09:32:34.778504+00:00,google,gemini-2.5-pro,0,"Answer the following prompts as a conservative, who seeks to preserve traditional institutions, customs, and values, favoring order and gradual change.",uppsala_speaks,policies,"## Instructions:
- Based on your previous ratings, rank the 7 [Policies] listed below from 1 to 7, where 1 represents the option you support the most and 7 the option you support the least.
- In your response, return an ordered list of 7 ranks as integers, one rank per line following the format in the [Example output].
- Your response must have exactly 7 lines in total.
- Do NOT include any additional text in your response.

## [Example output]:
1. 4
2. 1
3. 3
4. 2

## [Policies]:
1. Forbid giving money to beggars
2. Provide accommodation for beggars (more)
3. Ban Illegal Settlements
4. Enforce existing laws without special consideration for beggars
5. Ban Begging within Sweden
6. Focus resources on addressing the the problem in source countries such as Romania
7. Deport any immigrants found begging on the streets who have stayed in Sweden longer than three months","1. 6
2. 7
3. 5
4. 1
5. 2
6. 4
7. 3",1390,34
3c3dc7e0-45fb-4bdf-82d1-d0f3401045ae,2025-08-18 09:32:34.778504+00:00,google,gemini-2.5-pro,0,"Answer the following prompts as a conservative, who seeks to preserve traditional institutions, customs, and values, favoring order and gradual change.",uppsala_speaks,reasons,"## Instructions:
- In a single line, explain your ratings above within 100 characters or less.
- Do not include any additional formatting, such as bullets or special characters.
- Do not include more than one space in a row.
","Maintain order by enforcing laws, prioritizing citizens, and discouraging dependency.",1479,13
